{
    "providers": [
        {
            "type": "bitmap",
            "file": "minecraft:font/twemoji.png",
            "ascent": 7,
            "height": 8,
            "width": 8,
            "chars": [
                "🀄🃏🅰🅱🅾🅿🆎🆑🆒🆓🆔🆕🆖🆗🆘🆙🆚🇦🇧🇨🇩🇪🇫🇬🇭🇮🇯🇰🇱🇲🇳🇴🇵🇶🇷🇸🇹🇺",
                "🇻🇼🇽🇾🇿🈁🈂🈚🈯🈲🈳🈴🈵🈶🈷🈸🈹🈺🉐🉑🌀🌁🌂🌃🌄🌅🌆🌇🌈🌉🌊🌋🌌🌍🌎🌏🌐🌑",
                "🌒🌓🌔🌕🌖🌗🌘🌙🌚🌛🌜🌝🌞🌟🌠🌡🌤🌥🌦🌧🌨🌩🌪🌫🌬🌭🌮🌯🌰🌱🌲🌳🌴🌵🌶🌷🌸🌹",
                "🌺🌻🌼🌽🌾🌿🍀🍁🍂🍃🍄🍅🍆🍇🍈🍉🍊🍋🍌🍍🍎🍏🍐🍑🍒🍓🍔🍕🍖🍗🍘🍙🍚🍛🍜🍝🍞🍟",
                "🍠🍡🍢🍣🍤🍥🍦🍧🍨🍩🍪🍫🍬🍭🍮🍯🍰🍱🍲🍳🍴🍵🍶🍷🍸🍹🍺🍻🍼🍽🍾🍿🎀🎁🎂🎃🎄🎅",
                "🎆🎇🎈🎉🎊🎋🎌🎍🎎🎏🎐🎑🎒🎓🎖🎗🎙🎚🎛🎞🎟🎠🎡🎢🎣🎤🎥🎦🎧🎨🎩🎪🎫🎬🎭🎮🎯🎰",
                "🎱🎲🎳🎴🎵🎶🎷🎸🎹🎺🎻🎼🎽🎾🎿🏀🏁🏂🏃🏄🏅🏆🏇🏈🏉🏊🏋🏌🏍🏎🏏🏐🏑🏒🏓🏔🏕🏖",
                "🏗🏘🏙🏚🏛🏜🏝🏞🏟🏠🏡🏢🏣🏤🏥🏦🏧🏨🏩🏪🏫🏬🏭🏮🏯🏰🏳🏴🏵🏷🏸🏹🏺🏻🏼🏽🏾🏿",
                "🐀🐁🐂🐃🐄🐅🐆🐇🐈🐉🐊🐋🐌🐍🐎🐏🐐🐑🐒🐓🐔🐕🐖🐗🐘🐙🐚🐛🐜🐝🐞🐟🐠🐡🐢🐣🐤🐥",
                "🐦🐧🐨🐩🐪🐫🐬🐭🐮🐯🐰🐱🐲🐳🐴🐵🐶🐷🐸🐹🐺🐻🐼🐽🐾🐿👀👁👂👃👄👅👆👇👈👉👊👋",
                "👌👍👎👏👐👑👒👓👔👕👖👗👘👙👚👛👜👝👞👟👠👡👢👣👤👥👦👧👨👩👪👫👬👭👮👯👰👱",
                "👲👳👴👵👶👷👸👹👺👻👼👽👾👿💀💁💂💃💄💅💆💇💈💉💊💋💌💍💎💏💐💑💒💓💔💕💖💗",
                "💘💙💚💛💜💝💞💟💠💡💢💣💤💥💦💧💨💩💪💫💬💭💮💯💰💱💲💳💴💵💶💷💸💹💺💻💼💽",
                "💾💿📀📁📂📃📄📅📆📇📈📉📊📋📌📍📎📏📐📑📒📓📔📕📖📗📘📙📚📛📜📝📞📟📠📡📢📣",
                "📤📥📦📧📨📩📪📫📬📭📮📯📰📱📲📳📴📵📶📷📸📹📺📻📼📽📿🔀🔁🔂🔃🔄🔅🔆🔇🔈🔉🔊",
                "🔋🔌🔍🔎🔏🔐🔑🔒🔓🔔🔕🔖🔗🔘🔙🔚🔛🔜🔝🔞🔟🔠🔡🔢🔣🔤🔥🔦🔧🔨🔩🔪🔫🔬🔭🔮🔯🔰",
                "🔱🔲🔳🔴🔵🔶🔷🔸🔹🔺🔻🔼🔽🕉🕊🕋🕌🕍🕎🕐🕑🕒🕓🕔🕕🕖🕗🕘🕙🕚🕛🕜🕝🕞🕟🕠🕡🕢",
                "🕣🕤🕥🕦🕧🕯🕰🕳🕴🕵🕶🕷🕸🕹🕺🖇🖊🖋🖌🖍🖐🖕🖖🖤🖥🖨🖱🖲🖼🗂🗃🗄🗑🗒🗓🗜🗝🗞",
                "🗡🗣🗨🗯🗳🗺🗻🗼🗽🗾🗿😀😁😂😃😄😅😆😇😈😉😊😋😌😍😎😏😐😑😒😓😔😕😖😗😘😙😚",
                "😛😜😝😞😟😠😡😢😣😤😥😦😧😨😩😪😫😬😭😮😯😰😱😲😳😴😵😶😷😸😹😺😻😼😽😾😿🙀",
                "🙁🙂🙃🙄🙅🙆🙇🙈🙉🙊🙋🙌🙍🙎🙏🚀🚁🚂🚃🚄🚅🚆🚇🚈🚉🚊🚋🚌🚍🚎🚏🚐🚑🚒🚓🚔🚕🚖",
                "🚗🚘🚙🚚🚛🚜🚝🚞🚟🚠🚡🚢🚣🚤🚥🚦🚧🚨🚩🚪🚫🚬🚭🚮🚯🚰🚱🚲🚳🚴🚵🚶🚷🚸🚹🚺🚻🚼",
                "🚽🚾🚿🛀🛁🛂🛃🛄🛅🛋🛌🛍🛎🛏🛐🛑🛒🛕🛖🛗🛜🛝🛞🛟🛠🛡🛢🛣🛤🛥🛩🛫🛬🛰🛳🛴🛵🛶",
                "🛷🛸🛹🛺🛻🛼🟠🟡🟢🟣🟤🟥🟦🟧🟨🟩🟪🟫🟰🤌🤍🤎🤏🤐🤑🤒🤓🤔🤕🤖🤗🤘🤙🤚🤛🤜🤝🤞",
                "🤟🤠🤡🤢🤣🤤🤥🤦🤧🤨🤩🤪🤫🤬🤭🤮🤯🤰🤱🤲🤳🤴🤵🤶🤷🤸🤹🤺🤼🤽🤾🤿🥀🥁🥂🥃🥄🥅",
                "🥇🥈🥉🥊🥋🥌🥍🥎🥏🥐🥑🥒🥓🥔🥕🥖🥗🥘🥙🥚🥛🥜🥝🥞🥟🥠🥡🥢🥣🥤🥥🥦🥧🥨🥩🥪🥫🥬",
                "🥭🥮🥯🥰🥱🥲🥳🥴🥵🥶🥷🥸🥹🥺🥻🥼🥽🥾🥿🦀🦁🦂🦃🦄🦅🦆🦇🦈🦉🦊🦋🦌🦍🦎🦏🦐🦑🦒",
                "🦓🦔🦕🦖🦗🦘🦙🦚🦛🦜🦝🦞🦟🦠🦡🦢🦣🦤🦥🦦🦧🦨🦩🦪🦫🦬🦭🦮🦯🦰🦱🦲🦳🦴🦵🦶🦷🦸",
                "🦹🦺🦻🦼🦽🦾🦿🧀🧁🧂🧃🧄🧅🧆🧇🧈🧉🧊🧋🧌🧍🧎🧏🧐🧑🧒🧓🧔🧕🧖🧗🧘🧙🧚🧛🧜🧝🧞",
                "🧟🧠🧡🧢🧣🧤🧥🧦🧧🧨🧩🧪🧫🧬🧭🧮🧯🧰🧱🧲🧳🧴🧵🧶🧷🧸🧹🧺🧻🧼🧽🧾🧿🩰🩱🩲🩳🩴",
                "🩵🩶🩷🩸🩹🩺🩻🩼🪀🪁🪂🪃🪄🪅🪆🪇🪈🪐🪑🪒🪓🪔🪕🪖🪗🪘🪙🪚🪛🪜🪝🪞🪟🪠🪡🪢🪣🪤",
                "🪥🪦🪧🪨🪩🪪🪫🪬🪭🪮🪯🪰🪱🪲🪳🪴🪵🪶🪷🪸🪹🪺🪻🪼🪽🪿🫀🫁🫂🫃🫄🫅🫎🫏🫐🫑🫒🫓",
                "🫔🫕🫖🫗🫘🫙🫚🫛🫠🫡🫢🫣🫤🫥🫦🫧🫨🫰🫱🫲🫳🫴🫵🫶🫷🫸‼⁉™ℹ↔↕↖↗↘↙↩↪",
                "⌚⌛⌨⏏⏩⏪⏫⏬⏭⏮⏯⏰⏱⏲⏳⏸⏹⏺Ⓜ▪▫▶◀◻◼◽◾☀☁☂☃☄☎☑☔☕☘☝",
                "☠☢☣☦☪☮☯☸☹☺♀♂♈♉♊♋♌♍♎♏♐♑♒♓♟♠♣♥♦♨♻♾♿⚒⚓⚔⚕⚖",
                "⚗⚙⚛⚜⚠⚡⚧⚪⚫⚰⚱⚽⚾⛄⛅⛈⛎⛏⛑⛓⛔⛩⛪⛰⛱⛲⛳⛴⛵⛷⛸⛹⛺⛽✂✅✈✉",
                "✊✋✌✍✏✒✔✖✝✡✨✳✴❄❇❌❎❓❔❕❗❣❤➕➖➗➡➰➿⤴⤵⬅⬆⬇⬛⬜⭐⭕",
                "〰〽㊗㊙©®\u0000\u0000\u0000\u0000\u0000\u0000\u0000\u0000\u0000\u0000\u0000\u0000\u0000\u0000\u0000\u0000\u0000\u0000\u0000\u0000\u0000\u0000\u0000\u0000\u0000\u0000\u0000\u0000\u0000\u0000\u0000"
            ]
        }
    ]
}
